<?xml version="1.0" encoding="UTF-8"?>
<plugin_manifest xmlns="http://www.elgg.org/plugin_manifest/1.8">

	<name>My Plugin</name>
	<id>my_plugin</id>
	
	<version>2.0</version>
	
	<description>My Elgg Plugin [Plugin]</description>
	<category>development</category>

	<author>Your name</author>
	<website>https://your-cool-site</website>
	<copyright>(c) 2020 Your brandname</copyright>
	<license>GNU General Public License version 2</license>

	<requires>
		<type>elgg_release</type>
		<version>3.0</version>
	</requires>
	
</plugin_manifest>
